name,stars,forks,open_issues,language
zamboni,471,255,13,Python
tuxedo,11,9,5,PHP
kitsune,321,317,4,Python
mozregression,62,54,1,Python
bleach,931,98,39,Python
zamboni-lib,15,9,2,Python
popcorn-js,1920,554,137,JavaScript
django-product-details,18,18,9,Python
input-lib,7,5,1,Python
mozmill,86,74,0,JavaScript
addon-sdk,653,314,59,JavaScript
django-csp,70,23,7,Python
mozmill-dashboard,12,10,1,JavaScript
doozer,8,6,1,Python
Firefox-UI-Heatmap,0,2,0,Python
happyforms,15,5,1,Python
django-piston,64,48,0,Python
openwebapps,285,142,3,JavaScript
testpilot-analysis,0,1,0,Python
bespinserver,6,1,0,Python
weaveserver-obsolote,0,1,0,PHP
personas,2,2,0,JavaScript
bespinclient,13,8,0,JavaScript
tabcandy,4,1,0,Perl
weave-identity,0,1,0,JavaScript
raindrop,12,4,0,JavaScript
testpilotweb,1,4,0,PHP
testpilot,2,3,2,JavaScript
snowl,2,2,0,JavaScript
jsmodules,2,2,0,JavaScript
people,3,1,0,JavaScript
weave-backup,1,2,0,JavaScript
weaveserver-identity,0,1,0,Python
weaveweb,3,3,1,JavaScript
weaveserver-openid,0,1,0,PHP
weaveclient-python,4,2,0,Python
ubiquity,33,4,1,JavaScript
nuggets,36,11,2,Python
skywriter,473,21,1,JavaScript
jschannel,139,38,21,JavaScript
doozer-lib,1,1,0,Python
nightlytt,36,18,60,JavaScript
chromeless,708,102,61,JavaScript
rainbow,116,20,13,C
narcissus,641,90,9,JavaScript
secret-squirrel-lib,0,1,0,Python
home-snippets-server,8,5,0,Python
home-snippets-server-lib,2,2,0,Python
task.js,1385,62,23,JavaScript
sigma,1,1,0,JavaScript
prospector,142,33,187,JavaScript
devtools,21,5,0,JavaScript
cloud9-skywriter-shared,6,2,0,JavaScript
opensearch,6,1,5,JavaScript
f1,52,9,2,Python
oauthorizer,27,4,6,JavaScript
caseconductor-ui,16,5,0,Python
FlightDeck-lib,3,2,0,Python
dryice,146,28,7,JavaScript
addon-builder-helper,9,8,0,JavaScript
mozwebqa-test-templates,49,50,0,null
appetizer-proxyhacks,0,2,0,Python
appetizer-proxyhacks-sites,0,2,0,JavaScript
input-tests,21,20,0,null
django-moz-header,15,13,4,CSS
caseconductor-platform,18,7,0,Java
playdoh,772,132,47,Python
playdoh-lib,27,26,0,HTML
caseconductor-ui-reqs,1,0,0,null
webowonder,2,2,0,JavaScript
authorized,3,1,0,JavaScript
code-hostages,0,1,0,Shell
webowonder-demos,32,19,0,JavaScript
getanaccount,2,0,5,JavaScript
webifyme,5,1,0,Python
webowonder-lib,0,1,0,Python
deuxdrop,79,10,14,JavaScript
experimental-split-server,1,2,0,JavaScript
home-snippets-switcher,4,4,0,JavaScript
preproduction,2,0,0,Python
rpm-sources,4,2,0,null
kuma,697,445,19,HTML
kuma-lib,5,9,0,Python
markup,29,4,1,JavaScript
spark,3,3,1,JavaScript
django-dnt,12,4,0,Python
webconsole,6,2,0,JavaScript
pontoon,87,33,7,Python
spark-lib,0,1,0,Python
apps.mozillalabs.com,6,5,1,JavaScript
amo-validator,50,46,4,Python
test-amo-validator,7,8,1,Python
openwebapps-aboutme,4,2,0,JavaScript
server-share-send,2,3,0,null
client-share-web,6,2,0,JavaScript
server-share-core,3,1,1,Python
FlightDeck-selenium,14,15,0,null
django-tidings,56,5,5,Python
unicode-slugify,177,30,6,Python
process-releases,25,12,0,Shell
openwebapps-flickr-connector,4,1,0,JavaScript
openwebapps-photosite-connector,0,1,0,Python
moz-grid-config,47,30,1,null
openwebapps-myphotos,1,1,0,JavaScript
markup-lib,0,1,0,Python
persona,1721,257,43,JavaScript
bugbro,0,1,0,Python
xpi_gate,2,2,0,JavaScript
elmo,24,20,0,Python
webifyme-lib,0,1,0,Python
mcom-tests,29,83,9,Python
bedrock,271,384,26,HTML
django-session-csrf,74,26,11,Python
django-jobvite,11,7,0,Python
domesday,5,3,0,Python
server-core,3,2,0,Python
pdf.js,13104,3061,582,JavaScript
sumo-tests,34,50,7,Python
spark-eol,0,2,1,JavaScript
server-share,6,2,0,Python
webdev-bootcamp,48,39,7,Python
Socorro-Tests,25,39,5,Python
openbadges-backpack,768,245,156,JavaScript
Addon-Tests,101,137,8,Python
rhino,971,311,92,C++
betafarm,22,15,5,Python
browsermirror,41,8,28,JavaScript
elasticutils,248,83,49,Python
mozcommitbuilder,6,5,9,Python
dxr,369,137,28,Python
mozillians,161,281,15,Python
mdn-tests,26,48,0,null
twitter-address-bar-search,27,6,12,JavaScript
qmo-tests,17,31,0,null
treestatus,8,13,5,null
addon-sdk-sdocs,5,3,1,CSS
playdoh-docs,35,24,3,Python
test-jetpack-addon,0,1,0,JavaScript
browserid-rp,2,2,0,null
web-forward,17,12,2,PHP
templeton,3,3,13,Python
cherrypicker,4,0,0,Ruby
fx-share-addon,19,2,2,JavaScript
mozillians-lib,1,3,0,Python
about-home-piano-snippet,2,1,0,HTML
about-home-persona-switcher,1,0,0,HTML
lightbeam,539,136,75,JavaScript
butter,286,147,32,JavaScript
affiliates,39,49,0,Python
source-map,690,109,23,JavaScript
wsoh,46,41,1,null
funfactory,53,26,2,Python
browserid_addon,12,4,19,JavaScript
wiki-tests,16,31,0,null
django-browserid,195,84,2,JavaScript
quality.mozilla.org,14,10,0,PHP
deuxdrop-design,1,0,0,JavaScript
django-badger,104,56,104,Python
about-home-jumping-fox-game,2,2,0,JavaScript
2015.mozillafestival.org,10,11,4,JavaScript
developer-challenge-platform,8,3,0,Ruby
pytest-mozwebqa,67,51,0,Python
nocturnal,8,29,6,CSS
apps-payment-server,3,0,0,Python
browserid-crypto,128,25,22,JavaScript
tinderbox,2,2,0,Perl
caseconductor-qa,4,3,0,Python
checklinks,1,0,0,Python
rescuefox,35,10,1,JavaScript
socorro,253,134,11,Python
rr,1141,102,153,C++
phpbb3-static,0,1,0,PHP
icongrid,25,4,0,JavaScript
affiliates-lib,1,1,0,Python
Your-Web,2,1,0,JavaScript
watchdog,5,3,5,JavaScript
cleopatra,18,33,4,JavaScript
pdf.js-bot,18,3,2,JavaScript
moztrap-tests,17,32,4,Python
mozillians-ldap,2,1,1,Python
mod_browserid,19,6,3,C
soup,10,7,0,JavaScript
socorro-docs,5,2,0,Python
mozbase-deprecated,34,58,2,Python
BrowserQuest,5625,1772,0,JavaScript
mozillians-tests,23,47,9,Python
djangode,1,0,0,JavaScript
OriginOnly,3,3,0,JavaScript
uramaki,4,1,0,JavaScript
Affiliates-Tests,17,35,0,Python
appsync,11,3,0,Python
balrog,12,19,2,Python
moztrap-vendor-lib,1,3,1,Python
sauropod,13,4,12,JavaScript
webtools-workermgmt,5,1,0,PHP
splash.mozilla-ignite.org,4,4,0,JavaScript
mozmill-environment,9,12,20,Python
mozilla-ignite,15,15,3,Python
gamesaver,9,1,0,JavaScript
repotheweb,4,2,5,JavaScript
appsync-vendor,1,0,0,Python
mozilla-pootle-extras,10,2,0,Python
sasl-browserid,1,0,3,Shell
mozilla-central,329,341,5,C++
lumbergh,10,46,1,JavaScript
configman,31,15,8,Python
PyVEP,8,4,1,Python
webtools-workermgmt-lib,1,0,0,Python
jmeter-scripts,4,2,0,null
lumbergh-lib,1,0,0,HTML
marketing-project-template,6,7,1,Python
itisatrap,3,4,2,CSS
popcorn-docs,13,20,4,HTML
moztrap-reqs,3,7,1,null
moztrap,81,67,9,Python
parapara,12,17,9,JavaScript
testdaybot,8,7,9,JavaScript
wp.mozilla-ignite.org,4,3,0,PHP
watchdog-alert-passwords,4,2,0,JavaScript
watchdog-automate,4,1,0,JavaScript
watchdog-filter-bubble,2,1,0,JavaScript
watchdog-visualhash,6,2,2,JavaScript
watchdog-visualize-passwords,13,4,3,JavaScript
moztrap-connect,4,2,2,JavaScript
winchan,32,10,4,JavaScript
eyedee.me,79,13,6,JavaScript
shumway,3240,296,415,TypeScript
mozmill-ci,16,20,44,Python
node-client-sessions,416,64,13,JavaScript
areweslimyet-benchtester,1,1,0,Python
memchaser,32,19,40,JavaScript
areweslimyet,25,8,36,JavaScript
firefox-flicks,14,18,0,Python
briar-patch,9,7,0,Python
treestatus-lib,1,0,0,Python
remo,32,77,7,Python
tabzilla,62,41,3,CSS
moz-git-tools,107,50,11,Shell
node-convict,317,44,13,JavaScript
WebBuilder,5,2,0,JavaScript
activities,6,2,1,JavaScript
mozilla-opennews,22,12,2,HTML
kumascript,26,12,3,JavaScript
bidpom,24,21,4,Python
mediawiki-bugzilla,41,28,23,PHP
verbatim,7,6,3,Python
dragnet,2,1,0,Python
ACR,6,4,1,JavaScript
connect-cachify,135,20,7,JavaScript
scrumbugz,37,25,51,Python
browserid-cookbook,126,41,6,Ruby
marketplace-tests,37,56,6,Python
autophone,12,12,6,Python
vinz-clortho,16,15,20,null
affiliates-banners,2,0,0,null
SocialShare,30,11,6,JavaScript
blekko,5,2,1,JavaScript
stoneridge,4,3,4,C
watchdog-visualize-old-passwords,5,3,0,JavaScript
One-Mozilla-blog,84,78,9,CSS
ADBFuzz,20,15,0,Python
snippets-tests,7,16,1,Python
guineapig,1,0,0,null
socialapi-dev,41,7,1,JavaScript
PyBrowserID,37,12,9,Python
testpilot2,3,3,7,JavaScript
i18n-abide,100,42,38,JavaScript
pulsetranslator,1,5,1,Python
SocorroSearchService,3,2,0,Java
botio-files-pdfjs,7,3,0,CSS
JSBugMon,3,3,0,Python
fx36start,5,11,0,CSS
bramble,4,1,0,Python
awsbox,751,82,32,JavaScript
webapps-spec,10,5,10,JavaScript
coversheet,3,3,7,Python
persona-yahoo-bridge,27,12,58,JavaScript
caseconductor,1,0,0,null
make.mozilla.org,12,15,23,Python
id-specs,72,19,13,null
pdf.js-sample-files,1,0,0,null
slowparse,94,21,5,JavaScript
webrtc,33,12,2,JavaScript
snippets,8,13,2,HTML
newnewtab,7,4,5,JavaScript
wikimo-skin,4,2,0,JavaScript
popcorn_maker,33,26,1,Python
mozapps-polyfill,2,0,0,JavaScript
mortar,371,56,5,null
datazilla,44,15,0,JavaScript
trunion,1,3,0,Python
123done,48,26,10,JavaScript
browserid-ios,8,3,0,Objective-C
friendlycode,48,30,25,JavaScript
WebApp-OpenStreetMap,12,4,0,JavaScript
ispdb,14,3,0,Python
mozilla-taskboard,5,2,1,Python
restmail.net,21,10,1,JavaScript
motown,5,3,14,JavaScript
socorro-crashstats,18,19,5,Python
personatestuser.org,15,8,14,JavaScript
mozmill-automation,11,27,1,Python
receiptverifier,15,9,1,JavaScript
browserid-tapas,1,0,0,null
mozdownload,25,31,43,Python
source,27,21,11,Python
socialapi-core,2,0,0,JavaScript
integration-mozilla-inbound,4,2,0,C++
loady,7,1,2,JavaScript
zamboni-dashboard,6,7,1,Python
solitude,26,37,15,Python
releases-comm-central,20,11,3,JavaScript
airmozilla,74,73,1,JavaScript
datazilla_client,6,7,6,Python
napkin,32,2,0,JavaScript
Marketplace.Python,7,12,3,Python
spade,21,8,20,JavaScript
WebGameStub,111,17,15,JavaScript
bughub,1,1,1,Python
apps-design,3,0,7,Ruby
july-campaign-fb-tab,1,0,0,PHP
moz-ldap,5,2,1,Python
standup,27,24,25,Python
datazilla-metrics,2,2,0,Python
standup-irc,8,8,9,JavaScript
watchdog-manager,3,1,6,JavaScript
xtags-org,9,2,3,JavaScript
webmakers-tumblr,3,1,0,null
fjord,22,51,0,Python
build-buildbot-configs,3,14,1,Python
marketplace-loadtest,10,2,0,Python
django-memcached-pool,74,22,10,Python
sweet.js,3269,173,113,JavaScript
content-2012.mozillafestival.org,5,5,1,PHP
Negatus,2,7,2,C++
html5-lint,106,18,4,Python
mozilla-presentation-templates,138,100,6,HTML
npm-lockdown,120,14,16,JavaScript
nunjucks,2407,199,75,JavaScript
app-validator,29,28,0,Python
versioncheck,0,0,0,JavaScript
smokejumper,4,0,0,JavaScript
gombot-chrome,4,0,4,JavaScript
inv-tool,8,13,5,Python
browserid_deployer,3,4,1,JavaScript
mozilla-ignite-learning-lab-demos,20,11,0,Python
x-tag-layouts,5,0,0,null
node-srp,68,24,6,JavaScript
r2d2b2g,423,152,124,JavaScript
cef,0,6,2,Python
login.webmaker.org,20,41,36,JavaScript
identity-pubkeys,0,3,0,null
mozhacks,62,26,9,PHP
hardhat,0,2,1,JavaScript
build-cloud-tools,14,17,1,Python
openbadges-bakery,13,10,0,JavaScript
tuxedo-lib,0,2,0,Python
Marketplace.PHP,57,43,3,PHP
status.persona.org,2,9,4,JavaScript
browserid-delegates,0,0,0,JavaScript
addon-sdk-sdocs-pub,0,0,0,null
openbadger,35,21,39,JavaScript
webpay,41,59,4,Python
gameon,0,6,12,Python
mw-skins,0,0,0,PHP
gaia-custom-elements,0,0,0,null
bouncer-tests,1,25,2,Python
mozilla-ignite-learning-lab-videos,0,1,0,null
build-buildbotcustom,4,11,1,Python
build-buildapi,0,4,0,JavaScript
build-mozharness,11,26,1,Python
build-opsi-package-sources,0,0,0,null
build-preproduction,0,0,0,Python
build-puppet-manifests,3,2,0,null
build-rpm-sources,0,1,0,null
build-talos,1,4,2,JavaScript
build-partner-repacks,1,1,0,JavaScript
build-puppet,15,18,0,Ruby
build-tools,20,27,3,Python
collusion-server,0,0,0,JavaScript
team-dashboard,1,0,0,JavaScript
skycrane-detector,1,0,0,null
gelato.admin,0,0,0,JavaScript
stun-vm,7,1,1,Shell
anodejsholidayseason,6,2,0,null
gombot,7,0,51,JavaScript
Firefox-Shield,1,3,3,null
persona-presentation-assets,8,2,0,null
hackablegames,4,5,1,JavaScript
oneanddone,24,40,6,JavaScript
signing-clients,0,3,3,Python
security,4,0,6,Python
mortar-list-detail,21,9,4,JavaScript
mortar-app-stub,32,29,1,CSS
zamboni-psds,0,0,0,null
mortar-game-stub,59,31,10,JavaScript
MakeAPI,28,31,11,JavaScript
popcornjs.org,4,2,1,null
togetherjs,5251,631,145,JavaScript
hungry-js,4,1,0,JavaScript
monolith,15,3,2,JavaScript
mortar-layouts,21,5,4,JavaScript
mortar-tab-view,4,8,3,JavaScript
web-components,16,6,1,JavaScript
inventory,29,10,7,Python
high-fidelity,91,35,22,JavaScript
opennews-if-this-then-news,0,0,0,JavaScript
layerscope,12,13,5,JavaScript
monolith-aggregator,6,4,2,Python
openbadges-verifier,1,3,1,null
mwc,0,1,0,Python
identity-ops,23,11,54,Python
picl-tabs,1,1,4,JavaScript
picl-server,18,6,13,JavaScript
picl-contacts,6,0,0,JavaScript
calculator,8,23,14,JavaScript
firefoxos-quick-start,59,19,3,JavaScript
mofactor-template,0,0,0,null
blushproof,5,2,9,JavaScript
minion,259,22,8,null
minion-core,2,2,0,Python
minion-garmr-plugin,1,2,1,Python
minion-zap-plugin,11,4,5,Python
minion-skipfish-plugin,7,2,1,Python
minion-nmap-plugin,5,6,0,Python
minion-frontend-old,0,0,0,JavaScript
plugins,1,2,0,PHP
picl-passwords,1,0,0,JavaScript
KitchenSink-App,2,1,0,JavaScript
helpdesk-wp,1,0,0,PHP
fireplace,89,204,9,JavaScript
spiderflunky,5,3,12,Python
gombot-ios,0,0,0,Objective-C
cookiemonster,2,1,5,JavaScript
webdev-contributors,2,12,4,Python
picl-keyserver,3,0,2,JavaScript
monolith-client,3,2,1,Python
mozpay-js,8,2,1,JavaScript
b2gpopulate,1,6,0,Python
b2gperf,7,15,1,Python
picl-desktop-client,5,2,5,JavaScript
mozpool,1,5,0,Python
zest,35,14,17,Java
openbadges-validator,5,7,13,JavaScript
CSOL-site,6,15,63,JavaScript
custom-elements,1,0,0,JavaScript
example-search-addon,1,0,3,JavaScript
geodude,20,12,0,Python
badges.mozilla.org,24,53,58,Python
peekaboo,3,5,0,JavaScript
treeherder,30,68,19,Python
KitchenSink,1,3,1,JavaScript
personas-plus,1,3,0,JavaScript
jydoop,28,17,7,Python
webapi-examples,0,0,0,JavaScript
mozpay-py,2,1,0,Python
monolith.js,0,0,0,null
remo-tests,10,63,0,null
chief,9,7,5,Python
node-hubble,3,5,7,JavaScript
fhr-jelly,2,21,2,JavaScript
caravela,10,5,37,Python
webmaker.org,66,109,85,HTML
talkilla,85,39,6,JavaScript
persona-ios,21,7,1,Objective-C
openbadges-validator-service,3,7,4,JavaScript
matchpoint,2,1,0,Python
webmaker-firehose-archive,0,1,0,JavaScript
community.openbadges.org,1,2,5,JavaScript
awsboxen,37,7,8,JavaScript
thimble.webmaker.org,239,103,95,JavaScript
aestimia,4,8,30,JavaScript
ichnaea,243,47,23,JavaScript
twindle,0,0,0,null
build-autoland,0,2,1,null
PyHawk,23,16,10,Python
telemetry-dashboard,24,27,10,JavaScript
minion-zest-plugin,1,2,1,Python
snippets-service,8,13,3,JavaScript
minion-frontend,18,18,24,JavaScript
kitchensinkserver,0,1,0,Python
mozilla.github.io,4,3,2,HTML
inneractive,16,5,3,JavaScript
node-webmaker-loginapi,1,11,3,JavaScript
sys_script_examples,0,0,0,Python
jira2moztrap,0,1,1,Python
popcorn.webmaker.org,125,120,41,JavaScript
fxa-auth-server,218,52,34,JavaScript
node-kvstore,2,3,1,JavaScript
minion-backend,28,21,34,Python
osumo,2,3,9,JavaScript
persona-gmail-bridge,9,6,13,JavaScript
pointer.js,408,24,9,JavaScript
minion-ssl-plugin,6,2,1,Python
webmaker-events,3,9,3,JavaScript
picl-mocks,2,2,17,JavaScript
FirefoxAcademicCenter,0,0,0,null
jsThreads,9,4,3,JavaScript
fifi,1,0,2,JavaScript
fifiback,0,0,0,JavaScript
telemetry-server,28,22,10,Python
commbadge,5,22,0,CSS
mod_authnz_persona,19,14,5,C
OpenOpenNewsNews,2,3,0,null
makeapi-client,5,10,10,JavaScript
treeherder-ui-deprecated,27,45,0,null
make-valet,6,21,8,JavaScript
kanbanzilla,21,9,7,JavaScript
rocketfuel,4,18,0,JavaScript
persona-roadmap,3,0,65,null
MozStumbler,472,180,159,Java
appmaker-words,4,1,23,null
webmaker-suite,18,37,10,JavaScript
marketplay,7,2,7,Python
openbadges-bakery-service,2,3,7,JavaScript
vtt.js,82,29,30,Java
tincan,124,21,3,CSS
x-ray-goggles,24,36,16,JavaScript
webdev-manager-resources,3,3,1,Python
webliteracymap,15,9,6,null
up-jelly,2,1,0,JavaScript
marketplace-api-mock,4,10,1,Python
around,19,6,20,CSS
fxa-scrypt-helper,1,3,6,Python
appmaker-components,20,33,6,CSS
ceci,2,8,4,JavaScript
captain,7,3,8,Python
shove,5,5,1,Python
ceci-bower,0,0,0,JavaScript
fxa-content-server,83,51,126,JavaScript
fxa-js-client-old,4,7,6,JavaScript
webmaker-mediasync,3,6,3,JavaScript
webmaker-profile,15,20,0,CSS
archiver_toolkit,1,2,0,Python
minion-breach-plugin,1,1,1,Python
ashes,5,2,1,Python
speakeasy,2,1,0,JavaScript
node-webmaker-postalservice,1,9,3,JavaScript
picl-oldsync,1,1,2,Shell
node-webmaker-i18n,18,14,0,JavaScript
persona.org,5,6,7,CSS
badgeopolis,1,2,5,null
node-webmaker-butler,1,1,1,JavaScript
marketplace-stats,8,19,0,CSS
addon-registration,1,1,6,Python
nucleus,1,10,4,Python
firehug,5,20,16,JavaScript
stillis,8,0,0,Python
devtools-reqs,5,2,0,null
rna,0,6,4,Python
eideticker-ci,1,1,0,Shell
libadb,0,0,0,null
corsica,19,11,7,JavaScript
webmaker-profile-service,1,12,1,JavaScript
mig,620,96,37,Go
fxa-deployment,0,2,16,Shell
openbadger-client,1,1,2,JavaScript
openbadges-cem,2,4,7,JavaScript
aestimia-client,1,0,2,JavaScript
webmaker-ui,1,2,0,JavaScript
Fira,2096,154,29,HTML
zippy,9,25,0,JavaScript
mozmoderator,7,8,18,CSS
libadb.js,8,8,5,C++
openbadges-badges,1,8,10,CSS
galaxy,10,14,54,JavaScript
allizom_org,1,3,1,CSS
gecko-dev,509,683,3,null
gecko-projects,20,18,0,null
badges.mozillafestival.org,1,1,2,CSS
openbadges-badgekit,91,60,63,JavaScript
dynamicua_update_script,0,1,0,null
sciencelab,5,9,3,PHP
chatspaces,32,13,9,JavaScript
nunjucks-docs,17,16,0,null
relman-tools,2,2,0,Python
badge-the-world,1,5,6,JavaScript
teach-appmaker,0,0,0,null
mciconf,2,5,0,HTML
fxa-js-client,20,16,2,JavaScript
localForage,5069,329,76,JavaScript
pretty-fast,28,9,0,JavaScript
marketplace-tests-gaia,0,11,3,Python
telemetry-aggregator,2,3,4,JavaScript
trypersona.org,2,1,1,null
build-relengdocs,1,7,1,Python
bugzfeed,5,2,1,Python
browserid-local-verify,3,5,0,JavaScript
infra-x-design,1,1,0,null
apk-factory-service,35,15,7,JavaScript
oneanddone-tests,4,15,2,Python
mozilla-flask-crb,0,2,3,CSS
browserid-verifier,2,11,2,JavaScript
legal-docs,10,62,14,null
marketplace-ctf,0,0,0,HTML
badgekit-api,26,35,37,JavaScript
openbadges-discovery,19,3,48,JavaScript
energia,4,3,0,JavaScript
hotdish,109,8,120,JavaScript
webmaker-download-locales,2,5,4,JavaScript
webmaker-locales-mapping-configuration,2,3,0,JavaScript
csp-logger,9,4,2,JavaScript
galaxy-api,9,14,92,JavaScript
language-mapping-list,11,4,0,JavaScript
tardy,1,2,2,Python
video_codec_module,1,0,0,C++
treeherder-client-deprecated,3,5,0,null
badgekit-api-client,4,5,5,JavaScript
security-process-docs,3,0,0,null
mozjpeg,1836,170,57,C
events.webmaker.org,8,23,12,JavaScript
webmaker-events-service,2,11,4,JavaScript
mortar-devtools,2,4,3,JavaScript
apk-signer,4,6,0,Python
grunt-i18n-abide,10,4,5,JavaScript
transonic,2,10,1,CSS
fxoss,7,9,6,JavaScript
webmaker-auth-client,1,9,4,JavaScript
makerstrap,19,21,17,HTML
user-advocacy,2,3,3,Python
spartacus,11,33,2,JavaScript
webmaker-kits,3,4,3,CSS
webmaker-analytics,1,4,0,JavaScript
nav-global,1,4,0,CSS
mozmonument-sf,0,0,4,null
olympia,65,124,66,Python
node-rtltr,0,1,0,JavaScript
fxa-profile-server,7,9,8,JavaScript
webrtc-standalone,31,8,0,C++
mortar-privileged-remote-app,2,2,2,JavaScript
mortar-template-template,0,1,0,JavaScript
MakeAPI-Gallery,1,3,4,JavaScript
webmaker-auth,1,7,4,JavaScript
fxa-oauth-server,23,17,16,JavaScript
webmaker-kits-builder,1,7,10,JavaScript
school-of-webmaking,5,13,23,JavaScript
webmaker-tests,8,16,0,null
moz-dev-contrib,4,1,0,null
marketplace-docs,1,9,1,Makefile
marketplace-operator-dashboard,2,6,0,JavaScript
gitribution,17,3,0,JavaScript
releng-jacuzzis,0,7,0,ApacheConf
fxa-content-server-l10n,5,17,1,Shell
treeherder-node,1,5,2,JavaScript
webmaker-whitepaper,0,5,0,CSS
rbbz,6,4,0,Python
webmaker-login-example,1,1,0,JavaScript
webmaker-language-picker,0,10,2,JavaScript
fxpay,17,10,9,JavaScript
webtools-bmo-bugzilla,12,12,0,Perl
webtools-bmo-qa,0,0,0,Perl
recroom,291,16,15,JavaScript
fxa-python-client,4,3,2,Python
mrburns,10,13,2,CSS
aggredash,0,2,0,JavaScript
web-literacy-client,1,3,0,JavaScript
localForage-backbone,58,10,2,JavaScript
loop-client,2,6,0,JavaScript
node-vtt,2,3,2,JavaScript
smithers,1,2,0,Python
cheesecake,1,2,0,Puppet
b2ghaystack,1,2,1,Python
recroom-docs,1,1,0,null
crontabber,115,11,14,Python
transibution,0,0,0,JavaScript
lumberyard,3,7,2,JavaScript
sawmill,2,10,3,JavaScript
badgekit-backpack,0,0,9,JavaScript
adhoctribution,6,6,2,JavaScript
build-relengapi,9,21,67,Python
makerparty,5,16,1,JavaScript
darjeeling,3,12,1,JavaScript
bucheron,0,3,0,JavaScript
webmaker-profile-2,7,23,6,JavaScript
park-warden,1,5,0,JavaScript
generator-recroom,2,3,6,JavaScript
ember-localforage,1,1,1,null
automation-fuzz-tools,0,0,0,null
fxa-auth-db-server,4,9,3,JavaScript
mortar-appinstall,0,1,0,JavaScript
buddyup,6,19,0,JavaScript
webmaker-translation-stats,0,2,0,JavaScript
makedrive,345,32,57,JavaScript
fxa-customs-server,2,9,3,JavaScript
community-ux,3,1,17,null
charts,10,24,1,JavaScript
ambient-boxen,0,0,1,Ruby
yogafire,7,12,0,JavaScript
acidity,4,2,17,JavaScript
hookshot,0,2,3,JavaScript
grunt-acidity,0,0,0,null
apk-cli,50,4,2,JavaScript
marketplace-constants,3,7,2,Python
Gallery-Maker,0,3,2,JavaScript
pkix-compatibility-testing,1,2,0,JavaScript
fxa-dev,7,13,6,Lua
pulseguardian,3,6,2,Python
webmaker-user-client,1,3,1,JavaScript
metrics-graphics,5461,282,61,JavaScript
webmaker-code-of-conduct,1,2,8,null
qa-mozmill-tests,5,8,0,JavaScript
betachannel,3,3,17,JavaScript
nimble.webmaker.org,8,11,12,JavaScript
bloodflow,0,0,6,null
ascendproject,15,24,3,CSS
stooge,5,5,14,JavaScript
brick-boilerplate,1,1,1,JavaScript
2014.mozillafestival.org,4,3,0,PHP
angle,3,7,3,C++
makeapi-docs,0,2,1,CSS
webmaker-screenshot,1,1,9,JavaScript
valence,295,42,48,JavaScript
yaocho,4,1,0,JavaScript
mozbadging,2,2,25,null
django-badge-studio,0,0,0,null
gmp-api,0,3,0,C++
http_helper,0,1,1,JavaScript
fxa-auth-mailer,1,10,8,HTML
team-list,1,2,0,JavaScript
hivelearningnetworks.org,2,4,2,PHP
mobile-opportunity,2,4,43,JavaScript
libnfldap,2,2,0,Python
thunderhug,1,2,7,JavaScript
webmaker-rid,0,2,1,JavaScript
fennec-search,6,7,2,Java
badgekit-api-python-client,1,1,0,Python
moz2d,0,0,0,C++
makerparty-heatmap,0,2,0,JavaScript
mortar-privileged-empty-app,0,1,0,JavaScript
videur,31,5,8,Lua
webmaker-mailroom,1,10,8,HTML
webmaker-landing-pages,7,15,1,HTML
adbhelper,12,25,0,JavaScript
firefox-app-validator-manifest,7,6,2,JavaScript
mozilla-badges,0,2,9,Python
django-badgekit,0,1,0,Python
advocacy.mozilla.org,3,9,9,HTML
pymake,11,3,2,Python
node-janus,39,7,9,JavaScript
referral-board,1,0,0,HTML
foundation-security-advisories,3,5,0,Python
release-blog,8,4,6,CSS
build-funsize,2,8,0,null
statsd-console-backend,0,0,0,JavaScript
janus-addon,16,4,4,JavaScript
bsd-forms-and-wrappers,2,6,1,HTML
chromecast,0,0,0,null
pluotsorbet,181,36,298,Java
cerberus,3,4,0,Python
spicedham,1,1,1,Python
fireplay-sublime,33,6,16,Python
fxa-auth-db-mem,0,6,0,JavaScript
node-firefox,273,12,20,JavaScript
firefox-app-validator-icons,0,1,0,JavaScript
DropItLike,68,8,0,null
build-fwunit,28,5,4,CSS
marketplace-env,7,17,4,Shell
webmaker-android,121,104,3,Java
contacts-sync-prototype,6,2,4,JavaScript
discoplace,0,5,0,JavaScript
telemetry-js-node,0,0,0,JavaScript
contribute.json,17,17,7,CSS
telemetry-tools,0,0,1,Python
telemetry-collector,0,1,0,JavaScript
galaxy.js,9,2,22,JavaScript
seasponge,127,22,24,CoffeeScript
webmaker-personas,1,4,7,JavaScript
qmo-design,1,3,0,CSS
masche,371,37,4,Go
telemetry-dashboard-prototype,1,0,0,JavaScript
webmaker-app-cordova,2,10,3,JavaScript
iacomus,2,3,0,JavaScript
mofo-campaignurl,0,1,0,JavaScript
oldpto,1,6,0,JavaScript
theopenstandard,10,8,0,PHP
filer-redis,2,1,0,null
migfw,3,2,3,C++
mysql-patcher,1,3,1,JavaScript
webmakerprototypes.org,1,3,0,null
firefox-app-validator-central,1,2,1,JavaScript
filer-mysql,0,1,0,null
medusa,6,3,1,Clojure
build-runner,3,4,5,Python
galaxy-api-python-client,0,1,0,Python
build-proxxy,2,0,0,Python
mortar-tabs-component,0,0,3,JavaScript
webmaker-login-ux,3,18,42,HTML
firefox-for-android-addons,24,18,1,JavaScript
janus-image-worker,4,2,1,C
marketplace-style-guide,0,1,0,CSS
galaxy.js-mobile-gamepad,10,4,93,JavaScript
nsm-scripts,0,0,0,null
web-to-lead,0,0,0,CSS
tls-observatory,9,1,14,Go
fxa-auth-db-mysql,3,10,6,JavaScript
osmdroid,1,2,1,Java
autolander,5,6,0,JavaScript
opsec_wikimo,0,1,0,null
fxa-oauth-client,2,1,3,JavaScript
iacomus-alerts,2,2,0,Python
pdfjs-dist,35,14,0,JavaScript
webmaker-metrics,1,2,7,JavaScript
mortar-hello-world,1,3,0,HTML
marketplace-template,3,0,2,JavaScript
pontoon-intro,2,7,0,HTML
marketplace-payment-provider-spec,0,1,0,Python
fxa-oauth-console,2,3,5,JavaScript
build-relengapi-slaveloan,1,3,0,null
mozlog,3,4,1,JavaScript
webmaker-app-publisher,2,7,2,CSS
chromecast-server,1,1,0,JavaScript
marketplace-elements,2,7,4,JavaScript
sso-mozilla-com,1,2,0,CSS
build-relengapi-clobberer,1,6,0,null
build-relengapi-skeleton,1,1,1,null
firefox-ui-tests,14,38,6,Python
balrog-ui,0,5,0,JavaScript
mozilla_ci_tools,9,20,36,Python
server-side-tls,317,46,23,HTML
moz-corsica,6,16,3,Shell
marketplace-gulp,3,6,3,JavaScript
masterfirefoxos,1,10,2,Python
python-nss-docs,0,0,0,CSS
hapi-fxa-oauth,0,1,0,JavaScript
flame-on,1,2,2,null
sugardough,94,23,9,Python
ember-cli-fxos,10,2,7,JavaScript
forums.mozilla.org,2,1,0,Shell
wiki.mozilla.org,8,10,1,PHP
firefox10.org,4,5,1,null
node-firefox-find-ports,11,6,4,JavaScript
firefox-ios,5019,891,94,C
fxa-relier-client,2,5,4,JavaScript
fxa-local-dev,21,10,0,JavaScript
marketplace-core-modules,6,11,0,JavaScript
scanjs-core,0,0,0,null
audit-go,12,5,1,Go
loop-client-l10n,4,5,3,null
air.mozilla.org,3,0,1,null
marketplace-frontend-docs,0,2,0,Makefile
interest-dashboard,13,11,16,JavaScript
PyFxA,3,5,5,Python
eoy-charts,0,2,0,JavaScript
lorax,2,7,4,JavaScript
build-runner-windows,0,0,0,Python
hello-tests,0,6,0,Python
build-cleanslate,1,2,1,Python
mofo-transaction-storage,0,3,0,JavaScript
webmaker-curriculum,19,38,6,HTML
MozDesign,0,0,0,null
chronicle,16,5,138,JavaScript
chronicle-addon,3,3,4,JavaScript
chronicle-l10n,0,0,0,null
python_moztelemetry,2,6,12,Python
build-blobuploader,0,2,0,Python
build-blobber,0,3,0,Python
ee-infra-jenkins,2,2,2,Shell
self-repair-server,6,9,86,JavaScript
webmaker-addons,5,0,22,JavaScript
build-funsizer,0,2,0,Python
bugherder,1,3,5,JavaScript
structured-catalog,1,1,0,Python
masterfirefoxos-l10n,4,18,1,null
build-mar,2,3,1,Python
ateam-bootcamp,0,8,1,Python
browser.html,867,78,160,JavaScript
testdroid-marionette-plugin,2,6,1,Java
libaudit-go,5,3,1,Go
audit-go-mozdef,2,2,0,Go
mdn-devtool,7,4,1,JavaScript
node-firefox-build-tools,0,4,3,JavaScript
github-org-scripts,2,2,3,Python
fxa-notification-server,0,3,0,JavaScript
node-firefox-find-simulators,1,5,2,JavaScript
opsec-puppet,4,3,0,Puppet
socorro-infra,23,10,11,Shell
boards,0,0,1,null
node-firefox-connect,2,5,2,JavaScript
node-firefox-start-simulator,4,5,3,JavaScript
build.webmaker.org,5,14,32,CSS
node-firefox-find-app,1,4,0,JavaScript
srihash.org,9,5,8,JavaScript
mofo-metrics,1,0,14,null
build-ansible,1,1,0,Python
node-firefox-install-app,1,4,4,JavaScript
webmaker-firehose,0,3,5,JavaScript
node-firefox-examples-install-packaged,2,2,0,JavaScript
react-i18n,2,0,1,JavaScript
node-firefox-launch-app,2,3,1,JavaScript
call.mozilla.org,2,5,1,CSS
mozwebqa-examples,4,7,2,Python
crash-report-tools,0,1,0,PHP
able-registry-dev,1,0,0,null
reclama,1,4,3,CSS
node-firefox-uninstall-app,1,3,0,JavaScript
moz-games,2,4,11,CSS
node-firefox-reload-css,2,4,1,JavaScript
node-firefox-examples-gulp,7,1,1,JavaScript
fhr-r-rollups,1,3,0,R
readability,210,43,99,HTML
learning-pathways-whitepaper,1,0,12,null
fxapom,0,2,0,Python
marketpulse,4,7,11,Python
plugin-crash-dashboard,0,0,0,JavaScript
teach.mozilla.org,20,58,158,JavaScript
tiles_queue_processor,0,0,0,Python
webdev,16,15,2,JavaScript
build-environments,2,1,0,Makefile
plugincheck,0,1,0,Python
support-classifiers,0,0,0,null
ttw-podcast,1,3,8,HTML
ship-it,2,11,0,Python
funsize,1,7,0,Python
blog.webmaker.org,1,3,2,PHP
node-firefox-marketplace,2,1,2,JavaScript
webmaker-browser,11,18,33,JavaScript
payments,2,4,16,null
shumway-dist,7,1,0,JavaScript
nicar-2015-2fa-plus,5,1,0,null
build-jacuzzi-allocator,0,3,0,Python
webprod-deis,0,1,0,Python
fxa-content-experiments,0,4,2,JavaScript
json-hyperschemas,1,1,0,null
teach-api,1,6,5,Python
emr-bootstrap-spark,2,4,2,Python
deis-backup-service,7,4,0,Shell
marketplace-jquery,0,0,0,null
id.webmaker.org,6,18,113,JavaScript
node-firefox-find-devices,1,3,1,JavaScript
npapi-sdk,7,6,13,C
fxa-jwtool,0,1,0,JavaScript
node-firefox-forward-ports,0,2,2,JavaScript
signing-service,2,2,1,Python
privacybadges,1,0,0,null
DemoStumbler,5,1,0,Java
mofo-phantom,1,1,0,JavaScript
react-ga,39,14,11,JavaScript
services-quality-dashboard,0,1,0,JavaScript
marketplace-core-css,0,0,0,CSS
universal-search-gecko-dev,8,0,14,C++
universal-search-content,5,6,38,JavaScript
universal-search-old-iframe,0,0,0,HTML
treeherder-tests,1,4,8,Python
phonebook,4,7,1,PHP
api.webmaker.org,11,7,47,JavaScript
aws-lambda-telemetry,1,2,0,Python
community-ops,0,0,1,null
payments-ui,56,6,51,JavaScript
payments-env,3,5,4,Python
metrics-aws-clusters,0,0,0,HTML
participation-heartbeat,1,2,0,JavaScript
participation-org,18,9,32,null
payments-service,3,3,15,Python
Reveal-Mozilla-Theme,0,0,0,CSS
openbadges.org-static,1,3,0,PHP
tsaws,2,0,0,Python
learning-networks,5,2,42,null
signage,0,0,0,HTML
payments-example,0,3,1,HTML
buildbot-bridge,2,4,0,Python
london-events-presentation,0,0,0,JavaScript
devtools-perf-game,64,45,6,JavaScript
shumway-whitelist,1,1,1,null
fennec-distribution-sample,0,1,0,null
solitude-auth,0,7,0,Python
build-vcs2aws,0,2,17,Python
node-firefox-cli,5,2,1,JavaScript
payments-client,1,3,5,JavaScript
python_mozaggregator,1,3,0,Python
mozWhistle,0,0,0,JavaScript
pulse_actions,1,3,5,Python
webmaker-launch,15,7,67,HTML
signingworker,0,2,0,Python
marketplace-content-tools,3,3,1,JavaScript
node-firefox-console,2,1,0,JavaScript
payments-config,0,2,3,Python
universal-search-addon,4,5,28,JavaScript
publish.webmaker.org,2,9,29,JavaScript
fxa,4,5,10,Python
irc-iplimit,0,2,0,Python
fxa-basket-proxy,0,1,1,JavaScript
popcorn-editor,25,7,29,JavaScript
donate.mozilla.org,11,25,130,JavaScript
foxyeah,3,3,0,CSS
partner-distro-portal,0,0,0,HTML
ee-consultant-guidelines,0,2,0,null
popcoder,6,3,2,Python
minion-vm,3,5,3,Shell
rust-tooltool,0,0,0,Shell
node-firefox-find-wifi-devices,0,1,0,JavaScript
fxemoji,40,4,1,HTML
wikimo_opsec,1,6,1,Python
payments-stats,1,0,0,null
webmaker-core,17,19,403,JavaScript
universal-search-download-page,0,0,0,HTML
vaani,20,11,7,JavaScript
payments-l10n,1,3,0,Python
idea-town-splash,16,4,11,JavaScript
scribe,1,2,0,Go
firefox-ios-open-in-client,4,0,0,Swift
payments-saucelabs-browsers,0,1,0,JavaScript
payments-logo,0,1,0,null
fxa-easter-egg,0,0,1,JavaScript
jugband-react,0,0,0,JavaScript
fxa-password-strength-checker,0,3,2,JavaScript
sumobot,1,1,1,JavaScript
g2p,1,1,0,C++
releasetasks,1,6,3,Python
git-repo,0,0,0,Python
python-spidermonkey,2,2,1,Python
webmaker-ffos,0,0,6,null
webmaker-moderator,0,2,0,JavaScript
trackertest,1,1,0,HTML
idea-town,13,7,58,Python
idea-town-addon,2,3,14,JavaScript
micro-email-validator,1,0,2,JavaScript
stereophoto,1,2,0,Objective-C
telemetry-next-node,1,0,0,JavaScript
remote-newtab,10,3,35,JavaScript
node-basket,0,0,0,JavaScript
sops,221,5,5,Python
service-map,0,1,0,Go
mozorg-js-external,2,2,1,JavaScript
idea-town-meta,3,0,6,null
idea-town-app,0,3,15,JavaScript
webmaker-filter,0,0,0,JavaScript
newtab-dev,2,4,6,null
mozfest-program,32,2,321,null
petitions.mozilla.org,1,5,35,HTML
admin_for_mozilla,0,0,0,null
quality-indices,0,1,0,CSS
ca-policy,1,5,0,null
addons,4,4,4,null
woodstock,0,4,5,Python
feedthefox,9,6,21,Python
compatipede,1,1,1,JavaScript
oghliner,50,10,31,JavaScript
addons-validator,17,7,63,JavaScript
mofo-deprecation,1,1,6,HTML
webqabot,0,3,6,CoffeeScript
version-control-tools,1,4,2,Python
grunt-l10n-lint,0,0,0,JavaScript
fxa-retention-metrics,0,0,3,Python
activity-accessible-gaming,2,1,0,CSS
system-addons,1,1,1,null
mozfest-schedule-app,0,12,27,JavaScript
serviceworker-cookbook,190,17,30,JavaScript
bakery,1,0,0,JavaScript
amo-dashboard,0,0,2,JavaScript
html-presentation-templates,1,2,1,CSS
viewsourceconf-theme,1,1,5,CSS
moz-slides-template,2,1,0,JavaScript
hashitalk2015,10,0,0,null
mozilla-club-guides,0,2,0,HTML
fxa-checkbox,0,0,1,JavaScript
platatus,67,11,28,JavaScript
mwos-letsencrypt-2015,4,1,0,C
mwos-frauddetection-2015,1,0,0,Python
addons-nginx,0,0,0,null
mp4parse-rust,2,2,1,Rust
wadi,0,0,40,null
fhr-v2-v4-executive,0,1,0,R
mozilla-club-activity-kraken-the-code,3,7,21,JavaScript
mozilla-club-activity-ping-kong,2,4,8,JavaScript
mozilla-club-activity-hack-the-news,4,4,4,JavaScript
uk-community,0,0,4,null
mozilla-club-activity-html-puzzle-boxes,1,3,7,JavaScript
mozilla-club-activity-web-chef,1,4,4,JavaScript
mozilla-club-activity-story-of-us,2,4,5,JavaScript
infosec-public-data,0,0,0,HTML
mozfest-schedule-loader,0,2,0,Python
puente,7,2,8,Python
MoBuildbotTimings,0,0,0,JavaScript
www-moz-works,0,1,0,Shell
velocity2015,6,1,0,null
loop,0,0,0,null
fxa-bugzilla-mirror,1,0,32,JavaScript
loop-test,0,1,0,JavaScript
firefox-code-quality,3,0,0,CSS
mofo-2016,0,0,8,null
build-scope-tests,0,2,0,Python
firefox-ios-build-tools,11,1,2,Python
mozilla-infobar,0,0,0,null
dispensary,0,0,7,null
mozlando-frontend-demo,0,0,3,JavaScript
